ID,Nombre,CIF,Email,Teléfono,Segment,Stage,Flow,Tipo,Kind,Tags,Dirección,Fecha Creación,Última Actualización
c_017efd7bd599,"Las tablas",,,,,POTENCIAL,DIRECT,CLIENTE,ORG,"","",16/10/2025,16/10/2025
c_01843fa690e8,"Hotel Welington",,,,,POTENCIAL,DIRECT,CLIENTE,ORG,"","",16/10/2025,16/10/2025
c_03c9f4701b22,"Flahertys",,,,,POTENCIAL,DIRECT,CLIENTE,ORG,"","",16/10/2025,16/10/2025
c_050d815bae25,"Terraza campo del moro",,,,,POTENCIAL,DIRECT,CLIENTE,ORG,"","",16/10/2025,16/10/2025
c_056509c09ecb,"Kiss chupitos",,,,,POTENCIAL,DIRECT,CLIENTE,ORG,"","",16/10/2025,16/10/2025
c_05be62d59c09,"Akangas",,,,,POTENCIAL,DIRECT,CLIENTE,ORG,"","",16/10/2025,16/10/2025
c_05bec0110155,"jane",,,,,POTENCIAL,DIRECT,CLIENTE,ORG,"","",16/10/2025,16/10/2025
c_05cb833a600c,"Flahertys",,,,,POTENCIAL,DIRECT,CLIENTE,ORG,"","",16/10/2025,16/10/2025
c_06fc12ce00ac,"tienda stoo",,,,,POTENCIAL,DIRECT,CLIENTE,ORG,"","",16/10/2025,16/10/2025
c_0773f5b5c3bd,"Gabys Bagels",,,,,POTENCIAL,DIRECT,CLIENTE,ORG,"","",16/10/2025,16/10/2025
c_08f567f92176,"Sea Beach",,,,,POTENCIAL,DIRECT,CLIENTE,ORG,"","",16/10/2025,16/10/2025
c_096231e4b714,"Terraza campo del moro",,,,,POTENCIAL,DIRECT,CLIENTE,ORG,"","",16/10/2025,16/10/2025
c_0a102ec0716a,"Bulo",,,,,POTENCIAL,DIRECT,CLIENTE,ORG,"","",16/10/2025,16/10/2025
c_0e6afcd1b364,"La Rotonda de Mirasierra",,,,,POTENCIAL,DIRECT,CLIENTE,ORG,"","",16/10/2025,16/10/2025
c_0ee00ba9eebc,"La embajada",,,,,POTENCIAL,DIRECT,CLIENTE,ORG,"","",16/10/2025,16/10/2025
c_0f51a51efa39,"santeria",,,,,POTENCIAL,DIRECT,CLIENTE,ORG,"","",16/10/2025,16/10/2025
c_10e526fc82f4,"La clandestina",,,,,POTENCIAL,DIRECT,CLIENTE,ORG,"","",16/10/2025,16/10/2025
c_1143a55a02ea,"bn group",,,,,POTENCIAL,DIRECT,CLIENTE,ORG,"","",16/10/2025,16/10/2025
c_114c72b30fd1,"Mantequerias Sanz",,,,,POTENCIAL,DIRECT,CLIENTE,ORG,"","",16/10/2025,16/10/2025
c_116265f69a0c,"Stop Supermercado",,,,,POTENCIAL,DIRECT,CLIENTE,ORG,"","",16/10/2025,16/10/2025
c_12b487a055c0,"Corte Inglés",,,,,POTENCIAL,DIRECT,CLIENTE,ORG,"","",16/10/2025,16/10/2025
c_12e34d5f77e9,"vinalium",,,,,POTENCIAL,DIRECT,CLIENTE,ORG,"","",16/10/2025,16/10/2025
c_12e63a26bdcc,"sls",,,,,POTENCIAL,DIRECT,CLIENTE,ORG,"","",16/10/2025,16/10/2025
c_14ae7435f670,"Contacto",,,,,POTENCIAL,DIRECT,CLIENTE,ORG,"","",16/10/2025,16/10/2025
c_14e91ba7ce4a,"Chica Club",,,,,POTENCIAL,DIRECT,CLIENTE,ORG,"","",16/10/2025,16/10/2025
c_16a800d3b4c4,"Bajío",,,,,POTENCIAL,DIRECT,CLIENTE,ORG,"","",16/10/2025,16/10/2025
c_17acd8ddae25,"catering la lloca",,,,,POTENCIAL,DIRECT,CLIENTE,ORG,"","",16/10/2025,16/10/2025
c_17f0fb290786,"Liquor Store",,,,,POTENCIAL,DIRECT,CLIENTE,ORG,"","",16/10/2025,16/10/2025
c_18091f05e110,"Roto Formigual",,,,,POTENCIAL,DIRECT,CLIENTE,ORG,"","",16/10/2025,16/10/2025
c_1baddf0be815,"Pecaditos",,,,,POTENCIAL,DIRECT,CLIENTE,ORG,"","",16/10/2025,16/10/2025
c_1cbeeb25a80b,"Cantina Azul",,,,,POTENCIAL,DIRECT,CLIENTE,ORG,"","",16/10/2025,16/10/2025
c_1d0d120ab4bb,"Delirium",,,,,POTENCIAL,DIRECT,CLIENTE,ORG,"","",16/10/2025,16/10/2025
c_1e38297466a1,"Florida Park",,,,,POTENCIAL,DIRECT,CLIENTE,ORG,"","",16/10/2025,16/10/2025
c_1f3f402de3a1,"Richelieu",,,,,POTENCIAL,DIRECT,CLIENTE,ORG,"","",16/10/2025,16/10/2025
c_204dbf39fd95,"shoko",,,,,POTENCIAL,DIRECT,CLIENTE,ORG,"","",16/10/2025,16/10/2025
c_2110ddb84720,"La Bicicleta Roja",,,,,POTENCIAL,DIRECT,CLIENTE,ORG,"","",16/10/2025,16/10/2025
c_2173cabd83c3,"La Bicicleta Roja",,,,,POTENCIAL,DIRECT,CLIENTE,ORG,"","",16/10/2025,16/10/2025
c_21f7138cace8,"Tiare Beach Club",,,,,POTENCIAL,DIRECT,CLIENTE,ORG,"","",16/10/2025,16/10/2025
c_224e9854970f,"Las Terrazas",,,,,POTENCIAL,DIRECT,CLIENTE,ORG,"","",16/10/2025,16/10/2025
c_242f3f536077,"Le Clab",,,,,POTENCIAL,DIRECT,CLIENTE,ORG,"","",16/10/2025,16/10/2025
c_251147c4703e,"Senor Bigote",,,,,POTENCIAL,DIRECT,CLIENTE,ORG,"","",16/10/2025,16/10/2025
c_26b5777e1636,"Bistró Río",,,,,POTENCIAL,DIRECT,CLIENTE,ORG,"","",16/10/2025,16/10/2025
c_28b389c9ac06,"Catering the cook",,,,,POTENCIAL,DIRECT,CLIENTE,ORG,"","",16/10/2025,16/10/2025
c_291801030675,"Carbónicas Alvarez",,,,,POTENCIAL,DIRECT,CLIENTE,ORG,"","",16/10/2025,16/10/2025
c_293e93789db2,"feroz",,,,,POTENCIAL,DIRECT,CLIENTE,ORG,"","",16/10/2025,16/10/2025
c_2a0f2a94fbac,"Devnis Menorca",,,,,POTENCIAL,DIRECT,CLIENTE,ORG,"","",16/10/2025,16/10/2025
c_2b393afce632,"Grupo Boia",,,,,POTENCIAL,DIRECT,CLIENTE,ORG,"","",16/10/2025,16/10/2025
c_2dd6944a555a,"Chez Pepito",,,,,POTENCIAL,DIRECT,CLIENTE,ORG,"","",16/10/2025,16/10/2025
c_2ea29b97f6af,"Uval",,,,,POTENCIAL,DIRECT,CLIENTE,ORG,"","",16/10/2025,16/10/2025
c_2ea8babf3a59,"catering stan",,,,,POTENCIAL,DIRECT,CLIENTE,ORG,"","",16/10/2025,16/10/2025
c_2fcc71b35eac,"Chica Beach",,,,,POTENCIAL,DIRECT,CLIENTE,ORG,"","",16/10/2025,16/10/2025
c_300cd4aac30a,"Catering Samantha",,,,,POTENCIAL,DIRECT,CLIENTE,ORG,"","",16/10/2025,16/10/2025
c_301cba1ce38f,"clandestino",,,,,POTENCIAL,DIRECT,CLIENTE,ORG,"","",16/10/2025,16/10/2025
c_306e2be21431,"Bajío",,,,,POTENCIAL,DIRECT,CLIENTE,ORG,"","",16/10/2025,16/10/2025
c_30fb9e9285c4,"coctel sunsrise",,,,,POTENCIAL,DIRECT,CLIENTE,ORG,"","",16/10/2025,16/10/2025
c_32493e2eac24,"vila viniteca",,,,,POTENCIAL,DIRECT,CLIENTE,ORG,"","",16/10/2025,16/10/2025
c_32654d9cbb49,"Asador Galino Pueyo",,,,,POTENCIAL,DIRECT,CLIENTE,ORG,"","",16/10/2025,16/10/2025
c_32f6e470d952,"Corte Inglés",,,,,POTENCIAL,DIRECT,CLIENTE,ORG,"","",16/10/2025,16/10/2025
c_340e89a45d3c,"Marea",,,,,POTENCIAL,DIRECT,CLIENTE,ORG,"","",16/10/2025,16/10/2025
c_343a04180bac,"Fuerte Group Hotels",,,,,POTENCIAL,DIRECT,CLIENTE,ORG,"","",16/10/2025,16/10/2025
c_348521d82c27,"Isla Catavinos",,,,,POTENCIAL,DIRECT,CLIENTE,ORG,"","",16/10/2025,16/10/2025
c_34cc11c1b471,"Aral",,,,,POTENCIAL,DIRECT,CLIENTE,ORG,"","",16/10/2025,16/10/2025
c_3620263a3317,"Café de París",,,,,POTENCIAL,DIRECT,CLIENTE,ORG,"","",16/10/2025,16/10/2025
c_38efaba215e4,"Filemon",,,,,POTENCIAL,DIRECT,CLIENTE,ORG,"","",16/10/2025,16/10/2025
c_3c5624adc715,"Quirites Inmobiliaria",,,,,POTENCIAL,DIRECT,CLIENTE,ORG,"","",16/10/2025,16/10/2025
c_3c65d03837e5,"Ana Rey Catering y tienda",,,,,POTENCIAL,DIRECT,CLIENTE,ORG,"","",16/10/2025,16/10/2025
c_3c9a1997c521,"Supernormal",,,,,POTENCIAL,DIRECT,CLIENTE,ORG,"","",16/10/2025,16/10/2025
c_3d5badd83832,"Bokaxankla:",,,,,POTENCIAL,DIRECT,CLIENTE,ORG,"","",16/10/2025,16/10/2025
c_3efcf737e468,"grupo confitería",,,,,POTENCIAL,DIRECT,CLIENTE,ORG,"","",16/10/2025,16/10/2025
c_3f16f0ba579d,"vinalium",,,,,POTENCIAL,DIRECT,CLIENTE,ORG,"","",16/10/2025,16/10/2025
c_3f9be0150c4a,"Alacena de Aragón",,,,,POTENCIAL,DIRECT,CLIENTE,ORG,"","",16/10/2025,16/10/2025
c_40f8dbd544cf,"Golda",,,,,POTENCIAL,DIRECT,CLIENTE,ORG,"","",16/10/2025,16/10/2025
c_4150ed4e3385,"Noname",,,,,POTENCIAL,DIRECT,CLIENTE,ORG,"","",16/10/2025,16/10/2025
c_465d19abe855,"Tiare Beach Club",,,,,POTENCIAL,DIRECT,CLIENTE,ORG,"","",16/10/2025,16/10/2025
c_4665b6a69d26,"Varma",,,,,POTENCIAL,DIRECT,CLIENTE,ORG,"","",16/10/2025,16/10/2025
c_4740ba9443dc,"Grupo Paladium",,,,,POTENCIAL,DIRECT,CLIENTE,ORG,"","",16/10/2025,16/10/2025
c_47c30f2655ca,"the green dog",,,,,POTENCIAL,DIRECT,CLIENTE,ORG,"","",16/10/2025,16/10/2025
c_4959aae57492,"sls",,,,,POTENCIAL,DIRECT,CLIENTE,ORG,"","",16/10/2025,16/10/2025
c_49fa32c057a3,"rosalia",,,,,POTENCIAL,DIRECT,CLIENTE,ORG,"","",16/10/2025,16/10/2025
c_4a4c22e320b9,"Ciboulet",,,,,POTENCIAL,DIRECT,CLIENTE,ORG,"","",16/10/2025,16/10/2025
c_4aee72f918fd,"Grupo Hyatt",,,,,POTENCIAL,DIRECT,CLIENTE,ORG,"","",16/10/2025,16/10/2025
c_4b620a1b5e64,"Casa Ortega",,,,,POTENCIAL,DIRECT,CLIENTE,ORG,"","",16/10/2025,16/10/2025
c_4b7829496dba,"Madrid al Cielo",,,,,POTENCIAL,DIRECT,CLIENTE,ORG,"","",16/10/2025,16/10/2025
c_4c0b2bd664ff,"catering la lloca",,,,,POTENCIAL,DIRECT,CLIENTE,ORG,"","",16/10/2025,16/10/2025
c_4c36c0a46c23,"eMeBe",,,,,POTENCIAL,DIRECT,CLIENTE,ORG,"","",16/10/2025,16/10/2025
c_4e26f4228805,"Grupo dejate llevar",,,,,POTENCIAL,DIRECT,CLIENTE,ORG,"","",16/10/2025,16/10/2025
c_4f4a16aa5a51,"Las Terrazas",,,,,POTENCIAL,DIRECT,CLIENTE,ORG,"","",16/10/2025,16/10/2025
c_4f6cfcdead29,"Taste of America Chueca",,,,,POTENCIAL,DIRECT,CLIENTE,ORG,"","",16/10/2025,16/10/2025
c_505944482e33,"Boca Chica",,,,,POTENCIAL,DIRECT,CLIENTE,ORG,"","",16/10/2025,16/10/2025
c_527602657f84,"100% Mexico",,,,,POTENCIAL,DIRECT,CLIENTE,ORG,"","",16/10/2025,16/10/2025
c_53c3189b7a37,"La Rubia",,,,,POTENCIAL,DIRECT,CLIENTE,ORG,"","",16/10/2025,16/10/2025
c_54bdc4775151,"cooper",,,,,POTENCIAL,DIRECT,CLIENTE,ORG,"","",16/10/2025,16/10/2025
c_54ee6aecd53e,"Servilline Foods",,,,,POTENCIAL,DIRECT,CLIENTE,ORG,"","",16/10/2025,16/10/2025
c_56b4e2fc027c,"Palacio de Alcala",,,,,POTENCIAL,DIRECT,CLIENTE,ORG,"","",16/10/2025,16/10/2025
c_5705499f58f3,"Importadora Andes",,,,,POTENCIAL,DIRECT,CLIENTE,ORG,"","",16/10/2025,16/10/2025
c_5712219b2dda,"Ke Sotogrande",,,,,POTENCIAL,DIRECT,CLIENTE,ORG,"","",16/10/2025,16/10/2025
c_57418c6c5a06,"rosalia",,,,,POTENCIAL,DIRECT,CLIENTE,ORG,"","",16/10/2025,16/10/2025
c_5871c605b951,"El Enemigo",,,,,POTENCIAL,DIRECT,CLIENTE,ORG,"","",16/10/2025,16/10/2025
c_597de1006ff8,"Mama Campo",,,,,POTENCIAL,DIRECT,CLIENTE,ORG,"","",16/10/2025,16/10/2025
c_59c8d39acbf9,"Alejandra de la oliva",,,,,POTENCIAL,DIRECT,CLIENTE,ORG,"","",16/10/2025,16/10/2025
c_5ae795da8506,"Grupo dejate llevar",,,,,POTENCIAL,DIRECT,CLIENTE,ORG,"","",16/10/2025,16/10/2025
c_5b72e024fd5d,"Hermanos Vinagre",,,,,POTENCIAL,DIRECT,CLIENTE,ORG,"","",16/10/2025,16/10/2025
c_5bd142049267,"new Orleans",,,,,POTENCIAL,DIRECT,CLIENTE,ORG,"","",16/10/2025,16/10/2025
c_5c8f7c2897ee,"Fuerte Group Hotels",,,,,POTENCIAL,DIRECT,CLIENTE,ORG,"","",16/10/2025,16/10/2025
c_5c9340fcf60e,"Chakana",,,,,POTENCIAL,DIRECT,CLIENTE,ORG,"","",16/10/2025,16/10/2025
c_5de4f574e537,"Hostal Sol",,,,,POTENCIAL,DIRECT,CLIENTE,ORG,"","",16/10/2025,16/10/2025
c_5ebee4c1f1ff,"diene",,,,,POTENCIAL,DIRECT,CLIENTE,ORG,"","",16/10/2025,16/10/2025
c_5ec9a7c26453,"el centro cultural",,,,,POTENCIAL,DIRECT,CLIENTE,ORG,"","",16/10/2025,16/10/2025
c_5f987fa4525d,"sea sea beach",,,,,POTENCIAL,DIRECT,CLIENTE,ORG,"","",16/10/2025,16/10/2025
c_61307dc23db2,"Senor Bigote",,,,,POTENCIAL,DIRECT,CLIENTE,ORG,"","",16/10/2025,16/10/2025
c_62f7d3a81a50,"Marea",,,,,POTENCIAL,DIRECT,CLIENTE,ORG,"","",16/10/2025,16/10/2025
c_62ffaed73ff7,"Fondeo",,,,,POTENCIAL,DIRECT,CLIENTE,ORG,"","",16/10/2025,16/10/2025
c_631684922a88,"La Boheme",,,,,POTENCIAL,DIRECT,CLIENTE,ORG,"","",16/10/2025,16/10/2025
c_63e7f309c7bc,"Café de París",,,,,POTENCIAL,DIRECT,CLIENTE,ORG,"","",16/10/2025,16/10/2025
c_63eb7f7b6c10,"Adrede",,,,,POTENCIAL,DIRECT,CLIENTE,ORG,"","",16/10/2025,16/10/2025
c_6469a2016a96,"Bar Nuevo M40",,,,,POTENCIAL,DIRECT,CLIENTE,ORG,"","",16/10/2025,16/10/2025
c_650e4a284827,"shoko",,,,,POTENCIAL,DIRECT,CLIENTE,ORG,"","",16/10/2025,16/10/2025
c_67d466836340,"AN Group",,,,,POTENCIAL,DIRECT,CLIENTE,ORG,"","",16/10/2025,16/10/2025
c_690f72d7dc0c,"Cafe Pino",,,,,POTENCIAL,DIRECT,CLIENTE,ORG,"","",16/10/2025,16/10/2025
c_6b60873e25b4,"Ingo",,,,,POTENCIAL,DIRECT,CLIENTE,ORG,"","",16/10/2025,16/10/2025
c_6c1dcdbeed94,"Roto Zaragoza",,,,,POTENCIAL,DIRECT,CLIENTE,ORG,"","",16/10/2025,16/10/2025
c_6ce73a601683,"Trompo",,,,,POTENCIAL,DIRECT,CLIENTE,ORG,"","",16/10/2025,16/10/2025
c_6cec411206ed,"Richelieu",,,,,POTENCIAL,DIRECT,CLIENTE,ORG,"","",16/10/2025,16/10/2025
c_6df34d1f4e0c,"Roto Formigual",,,,,POTENCIAL,DIRECT,CLIENTE,ORG,"","",16/10/2025,16/10/2025
c_6f796f62095b,"Bar Pepe",,,,,POTENCIAL,DIRECT,CLIENTE,ORG,"","",16/10/2025,16/10/2025
c_7000085e162b,"La embajada",,,,,POTENCIAL,DIRECT,CLIENTE,ORG,"","",16/10/2025,16/10/2025
c_707e97b24df7,"Roto Zaragoza",,,,,POTENCIAL,DIRECT,CLIENTE,ORG,"","",16/10/2025,16/10/2025
c_712bca72b53b,"Joselito",,,,,POTENCIAL,DIRECT,CLIENTE,ORG,"","",16/10/2025,16/10/2025
c_71f62c42e584,"Asador Galino Pueyo",,,,,POTENCIAL,DIRECT,CLIENTE,ORG,"","",16/10/2025,16/10/2025
c_747b48850e9f,"Grupo Mentidero",,,,,POTENCIAL,DIRECT,CLIENTE,ORG,"","",16/10/2025,16/10/2025
c_7519d2eaee15,"Chez Pepito",,,,,POTENCIAL,DIRECT,CLIENTE,ORG,"","",16/10/2025,16/10/2025
c_75b3cb4ff9d8,"4 Latas",,,,,POTENCIAL,DIRECT,CLIENTE,ORG,"","",16/10/2025,16/10/2025
c_76470b05a615,"Mantequerias Bravo",,,,,POTENCIAL,DIRECT,CLIENTE,ORG,"","",16/10/2025,16/10/2025
c_76b9fbad8efb,"Ke Sotogrande",,,,,POTENCIAL,DIRECT,CLIENTE,ORG,"","",16/10/2025,16/10/2025
c_76f3dc861036,"Trocadero",,,,,POTENCIAL,DIRECT,CLIENTE,ORG,"","",16/10/2025,16/10/2025
c_770064dbd62a,"Gayarre",,,,,POTENCIAL,DIRECT,CLIENTE,ORG,"","",16/10/2025,16/10/2025
c_78024d48ad48,"Cristanal y Gadinat",,,,,POTENCIAL,DIRECT,CLIENTE,ORG,"","",16/10/2025,16/10/2025
c_7900bafc3769,"Grupo Hyatt",,,,,POTENCIAL,DIRECT,CLIENTE,ORG,"","",16/10/2025,16/10/2025
c_7936ef96b5e7,"jane",,,,,POTENCIAL,DIRECT,CLIENTE,ORG,"","",16/10/2025,16/10/2025
c_79e7eb3e340f,"Noname",,,,,POTENCIAL,DIRECT,CLIENTE,ORG,"","",16/10/2025,16/10/2025
c_79efeebe6d07,"El Gordo Velazquez",,,,,POTENCIAL,DIRECT,CLIENTE,ORG,"","",16/10/2025,16/10/2025
c_7a550b215cb5,"Bokaxankla:",,,,,POTENCIAL,DIRECT,CLIENTE,ORG,"","",16/10/2025,16/10/2025
c_7befdd3cde11,"Las tablas",,,,,POTENCIAL,DIRECT,CLIENTE,ORG,"","",16/10/2025,16/10/2025
c_7c8253ab4015,"Bar trafalgar",,,,,POTENCIAL,DIRECT,CLIENTE,ORG,"","",16/10/2025,16/10/2025
c_7da0356385a3,"Supermercado melo",,,,,POTENCIAL,DIRECT,CLIENTE,ORG,"","",16/10/2025,16/10/2025
c_7f56925cd610,"sea sea beach",,,,,POTENCIAL,DIRECT,CLIENTE,ORG,"","",16/10/2025,16/10/2025
c_7f861e26ab2c,"Varma",,,,,POTENCIAL,DIRECT,CLIENTE,ORG,"","",16/10/2025,16/10/2025
c_7fcb03f7e0a4,"4 Latas",,,,,POTENCIAL,DIRECT,CLIENTE,ORG,"","",16/10/2025,16/10/2025
c_81839f21ad28,"Hotel Welington",,,,,POTENCIAL,DIRECT,CLIENTE,ORG,"","",16/10/2025,16/10/2025
c_81c89b3f2b7e,"Donde Mónica",,,,,POTENCIAL,DIRECT,CLIENTE,ORG,"","",16/10/2025,16/10/2025
c_821e2101d82e,"Abacería Macarena",,,,,POTENCIAL,DIRECT,CLIENTE,ORG,"","",16/10/2025,16/10/2025
c_830061cb3841,"AC",,,,,POTENCIAL,DIRECT,CLIENTE,ORG,"","",16/10/2025,16/10/2025
c_83aa656ce06d,"Sa Tintina",,,,,POTENCIAL,DIRECT,CLIENTE,ORG,"","",16/10/2025,16/10/2025
c_87288db4af15,"Cafe Pino",,,,,POTENCIAL,DIRECT,CLIENTE,ORG,"","",16/10/2025,16/10/2025
c_88dc8263e23e,"new Orleans",,,,,POTENCIAL,DIRECT,CLIENTE,ORG,"","",16/10/2025,16/10/2025
c_88fda1a59e66,"vila viniteca",,,,,POTENCIAL,DIRECT,CLIENTE,ORG,"","",16/10/2025,16/10/2025
c_89df13bb16da,"Cervecería Santa Barbara",,,,,POTENCIAL,DIRECT,CLIENTE,ORG,"","",16/10/2025,16/10/2025
c_8be02d952423,"El Enemigo",,,,,POTENCIAL,DIRECT,CLIENTE,ORG,"","",16/10/2025,16/10/2025
c_8bed05e91b2c,"Grupo La Máquina",,,,,POTENCIAL,DIRECT,CLIENTE,ORG,"","",16/10/2025,16/10/2025
c_8d000add6594,"Bar Augustin",,,,,POTENCIAL,DIRECT,CLIENTE,ORG,"","",16/10/2025,16/10/2025
c_8dd991b99e7b,"Casa Ortega",,,,,POTENCIAL,DIRECT,CLIENTE,ORG,"","",16/10/2025,16/10/2025
c_921d70b2afc6,"Catering the cook",,,,,POTENCIAL,DIRECT,CLIENTE,ORG,"","",16/10/2025,16/10/2025
c_922375e1422c,"Rel Club de Golf Sotogrande",,,,,POTENCIAL,DIRECT,CLIENTE,ORG,"","",16/10/2025,16/10/2025
c_9241c5b23213,"Cova den Xoroi",,,,,POTENCIAL,DIRECT,CLIENTE,ORG,"","",16/10/2025,16/10/2025
c_9244b1c56efa,"Vinology",,,,,POTENCIAL,DIRECT,CLIENTE,ORG,"","",16/10/2025,16/10/2025
c_92f60c558701,"La Penela",,,,,POTENCIAL,DIRECT,CLIENTE,ORG,"","",16/10/2025,16/10/2025
c_933f5868f726,"Hotel Mar",,,,,POTENCIAL,DIRECT,CLIENTE,ORG,"","",16/10/2025,16/10/2025
c_94cc3b9a6659,"Cristanal y Gradinata",,,,,POTENCIAL,DIRECT,CLIENTE,ORG,"","",16/10/2025,16/10/2025
c_94e8cf7e2e77,"Grupo Dani García",,,,,POTENCIAL,DIRECT,CLIENTE,ORG,"","",16/10/2025,16/10/2025
c_96d4b82d89d8,"clandestino",,,,,POTENCIAL,DIRECT,CLIENTE,ORG,"","",16/10/2025,16/10/2025
c_9744dc9c837f,"catering stan",,,,,POTENCIAL,DIRECT,CLIENTE,ORG,"","",16/10/2025,16/10/2025
c_9748381457c4,"Cañas y Tapas",,,,,POTENCIAL,DIRECT,CLIENTE,ORG,"","",16/10/2025,16/10/2025
c_99a4ca9f7597,"AN Group",,,,,POTENCIAL,DIRECT,CLIENTE,ORG,"","",16/10/2025,16/10/2025
c_9b4bd08a961b,"Taste of America Retiro",,,,,POTENCIAL,DIRECT,CLIENTE,ORG,"","",16/10/2025,16/10/2025
c_9b531bc4bfb1,"Burdel de Foc",,,,,POTENCIAL,DIRECT,CLIENTE,ORG,"","",16/10/2025,16/10/2025
c_9bcc78c9034f,"el centro cultural",,,,,POTENCIAL,DIRECT,CLIENTE,ORG,"","",16/10/2025,16/10/2025
c_9bcf64dd9461,"Joselito",,,,,POTENCIAL,DIRECT,CLIENTE,ORG,"","",16/10/2025,16/10/2025
c_9c10fa739d6c,"santeria",,,,,POTENCIAL,DIRECT,CLIENTE,ORG,"","",16/10/2025,16/10/2025
c_9ca9c8d4348b,"grupo confitería",,,,,POTENCIAL,DIRECT,CLIENTE,ORG,"","",16/10/2025,16/10/2025
c_9cdfcd5394c2,"Morenas",,,,,POTENCIAL,DIRECT,CLIENTE,ORG,"","",16/10/2025,16/10/2025
c_9d5c077f23fe,"NH",,,,,POTENCIAL,DIRECT,CLIENTE,ORG,"","",16/10/2025,16/10/2025
c_9d7e0d39dc52,"Stop Supermercado",,,,,POTENCIAL,DIRECT,CLIENTE,ORG,"","",16/10/2025,16/10/2025
c_9da073cd83c9,"Tulp",,,,,POTENCIAL,DIRECT,CLIENTE,ORG,"","",16/10/2025,16/10/2025
c_9e30c98e19af,"La Rubia",,,,,POTENCIAL,DIRECT,CLIENTE,ORG,"","",16/10/2025,16/10/2025
c_9f21911b78f0,"Alacena de Aragón",,,,,POTENCIAL,DIRECT,CLIENTE,ORG,"","",16/10/2025,16/10/2025
c_a35e0edd7ec0,"Ingo Gestión de activos",,,,,POTENCIAL,DIRECT,CLIENTE,ORG,"","",16/10/2025,16/10/2025
c_a3b7ba74c09a,"La Gildería",,,,,POTENCIAL,DIRECT,CLIENTE,ORG,"","",16/10/2025,16/10/2025
c_a3ccbe579f97,"Vinology",,,,,POTENCIAL,DIRECT,CLIENTE,ORG,"","",16/10/2025,16/10/2025
c_a418364d14c5,"Aurea",,,,,POTENCIAL,DIRECT,CLIENTE,ORG,"","",16/10/2025,16/10/2025
c_a552c4cd4af6,"Grupo Paladium",,,,,POTENCIAL,DIRECT,CLIENTE,ORG,"","",16/10/2025,16/10/2025
c_a574ba2be420,"Grupo Triciclo",,,,,POTENCIAL,DIRECT,CLIENTE,ORG,"","",16/10/2025,16/10/2025
c_a5b6a4f2f10b,"Pecaditos",,,,,POTENCIAL,DIRECT,CLIENTE,ORG,"","",16/10/2025,16/10/2025
c_a6f63fbbc0cf,"Chica Beach",,,,,POTENCIAL,DIRECT,CLIENTE,ORG,"","",16/10/2025,16/10/2025
c_a7c73c596f6c,"Aqui hay Tomate",,,,,POTENCIAL,DIRECT,CLIENTE,ORG,"","",16/10/2025,16/10/2025
c_a831ed1f1c97,"Adrede",,,,,POTENCIAL,DIRECT,CLIENTE,ORG,"","",16/10/2025,16/10/2025
c_ac5c0dd4567d,"Aqui hay Tomate",,,,,POTENCIAL,DIRECT,CLIENTE,ORG,"","",16/10/2025,16/10/2025
c_ad49a062f647,"Bar Augustin",,,,,POTENCIAL,DIRECT,CLIENTE,ORG,"","",16/10/2025,16/10/2025
c_ad4abd346643,"Kiss chupitos",,,,,POTENCIAL,DIRECT,CLIENTE,ORG,"","",16/10/2025,16/10/2025
c_ad9edc23fbb4,"Akangas",,,,,POTENCIAL,DIRECT,CLIENTE,ORG,"","",16/10/2025,16/10/2025
c_b0a049951f91,"Oysters",,,,,POTENCIAL,DIRECT,CLIENTE,ORG,"","",16/10/2025,16/10/2025
c_b0c906ce6e9e,"Sa Tintina",,,,,POTENCIAL,DIRECT,CLIENTE,ORG,"","",16/10/2025,16/10/2025
c_b16998f2d00f,"coctel sunsrise",,,,,POTENCIAL,DIRECT,CLIENTE,ORG,"","",16/10/2025,16/10/2025
c_b19b10bbad67,"Grupo Boia",,,,,POTENCIAL,DIRECT,CLIENTE,ORG,"","",16/10/2025,16/10/2025
c_b279e8640d1b,"la dama",,,,,POTENCIAL,DIRECT,CLIENTE,ORG,"","",16/10/2025,16/10/2025
c_b4822418cc99,"Formage",,,,,POTENCIAL,DIRECT,CLIENTE,ORG,"","",16/10/2025,16/10/2025
c_b4fa1155eca1,"Filemon",,,,,POTENCIAL,DIRECT,CLIENTE,ORG,"","",16/10/2025,16/10/2025
c_b53d49af745b,"Ana Rey Catering y tienda",,,,,POTENCIAL,DIRECT,CLIENTE,ORG,"","",16/10/2025,16/10/2025
c_b5d8f835f735,"Real Club de Golf de Sotongrande",,,,,POTENCIAL,DIRECT,CLIENTE,ORG,"","",16/10/2025,16/10/2025
c_b5fe10fe9840,"Costa Este",,,,,POTENCIAL,DIRECT,CLIENTE,ORG,"","",16/10/2025,16/10/2025
c_b67ee639d4a5,"diene",,,,,POTENCIAL,DIRECT,CLIENTE,ORG,"","",16/10/2025,16/10/2025
c_b7be082e2fba,"La Penela",,,,,POTENCIAL,DIRECT,CLIENTE,ORG,"","",16/10/2025,16/10/2025
c_b81d7b63e8ec,"eMeBe",,,,,POTENCIAL,DIRECT,CLIENTE,ORG,"","",16/10/2025,16/10/2025
c_b8688cc9ad5c,"Importaciones Cuesta",,,,,POTENCIAL,DIRECT,CLIENTE,ORG,"","",16/10/2025,16/10/2025
c_b8fe312dbca8,"candestino",,,,,POTENCIAL,DIRECT,CLIENTE,ORG,"","",16/10/2025,16/10/2025
c_bcae529bd966,"Distribuciones Rivera",,,,,POTENCIAL,DIRECT,CLIENTE,ORG,"","",16/10/2025,16/10/2025
c_bdb42d246905,"Madrid al Cielo",,,,,POTENCIAL,DIRECT,CLIENTE,ORG,"","",16/10/2025,16/10/2025
c_c04bbb05a4ba,"Venta Interna",,,,,POTENCIAL,DIRECT,CLIENTE,ORG,"","",16/10/2025,16/10/2025
c_c1b2fc961a24,"Boca Grande",,,,,POTENCIAL,,CLIENTE,ORG,"","",16/10/2025,16/10/2025
c_c311028ce65d,"La maquina Jorge Juan",,,,,POTENCIAL,DIRECT,CLIENTE,ORG,"","",16/10/2025,16/10/2025
c_c44a4f9fb8f3,"Tulp",,,,,POTENCIAL,DIRECT,CLIENTE,ORG,"","",16/10/2025,16/10/2025
c_c6166187c720,"Club Náutico",,,,,POTENCIAL,DIRECT,CLIENTE,ORG,"","",16/10/2025,16/10/2025
c_c8bf1a014e63,"Golda",,,,,POTENCIAL,DIRECT,CLIENTE,ORG,"","",16/10/2025,16/10/2025
c_c9e06890962d,"1885",,,,,POTENCIAL,DIRECT,CLIENTE,ORG,"","",16/10/2025,16/10/2025
c_ca5f4230310e,"Lanteo",,,,,POTENCIAL,DIRECT,CLIENTE,ORG,"","",16/10/2025,16/10/2025
c_caf28fa3887c,"Gayarre",,,,,POTENCIAL,DIRECT,CLIENTE,ORG,"","",16/10/2025,16/10/2025
c_cb1161445c51,"Boca Chica",,,,,POTENCIAL,DIRECT,CLIENTE,ORG,"","",16/10/2025,16/10/2025
c_cb2ea9375b79,"Bodegas Jaime",,,,,POTENCIAL,DIRECT,CLIENTE,ORG,"","",16/10/2025,16/10/2025
c_cb46066cbc99,"Liquor Store",,,,,POTENCIAL,DIRECT,CLIENTE,ORG,"","",16/10/2025,16/10/2025
c_cb74b568aa6a,"Ciboulet",,,,,POTENCIAL,DIRECT,CLIENTE,ORG,"","",16/10/2025,16/10/2025
c_cb90e5317a54,"Copa de Balón",,,,,POTENCIAL,DIRECT,CLIENTE,ORG,"","",16/10/2025,16/10/2025
c_cc9189e6d50d,"Costa Este",,,,,POTENCIAL,DIRECT,CLIENTE,ORG,"","",16/10/2025,16/10/2025
c_ccdfe06f9d4a,"Sabodiga",,,,,POTENCIAL,DIRECT,CLIENTE,ORG,"","",16/10/2025,16/10/2025
c_ccebd558dc12,"Gabys Bagels",,,,,POTENCIAL,DIRECT,CLIENTE,ORG,"","",16/10/2025,16/10/2025
c_cd66d286ef6e,"Il Patisiere",,,,,POTENCIAL,DIRECT,CLIENTE,ORG,"","",16/10/2025,16/10/2025
c_cda350d36514,"AC",,,,,POTENCIAL,DIRECT,CLIENTE,ORG,"","",16/10/2025,16/10/2025
c_ce417e3e168f,"Fondeo",,,,,POTENCIAL,DIRECT,CLIENTE,ORG,"","",16/10/2025,16/10/2025
c_cf14284376a1,"Boca Grande",,,,,POTENCIAL,DIRECT,CLIENTE,ORG,"","",16/10/2025,16/10/2025
c_cf4dd649cd54,"NH",,,,,POTENCIAL,DIRECT,CLIENTE,ORG,"","",16/10/2025,16/10/2025
c_d01fcf9bfa3b,"Trocadero",,,,,POTENCIAL,,CLIENTE,ORG,"","",16/10/2025,16/10/2025
c_d063129f3043,"Taberna Pedraza",,,,,POTENCIAL,DIRECT,CLIENTE,ORG,"","",16/10/2025,16/10/2025
c_d1861f681682,"Sea Beach",,,,,POTENCIAL,DIRECT,CLIENTE,ORG,"","",16/10/2025,16/10/2025
c_d202ef29224f,"Nueva Taberna",,,,,POTENCIAL,DIRECT,CLIENTE,ORG,"","",16/10/2025,16/10/2025
c_d27aea626aec,"Cervecería Santa Barbara",,,,,POTENCIAL,DIRECT,CLIENTE,ORG,"","",16/10/2025,16/10/2025
c_d36f9c6d74a8,"Wondermarket. Keila",,,,,POTENCIAL,DIRECT,CLIENTE,ORG,"","",16/10/2025,16/10/2025
c_d37bbc746d34,"feroz",,,,,POTENCIAL,DIRECT,CLIENTE,ORG,"","",16/10/2025,16/10/2025
c_d42b2c3c3263,"Formage",,,,,POTENCIAL,DIRECT,CLIENTE,ORG,"","",16/10/2025,16/10/2025
c_d670084d6d63,"Los Peñotes",,,,,POTENCIAL,DIRECT,CLIENTE,ORG,"","",16/10/2025,16/10/2025
c_d6c84759864f,"Ostas Pedrín",,,,,POTENCIAL,DIRECT,CLIENTE,ORG,"","",16/10/2025,16/10/2025
c_d83c3e3652aa,"cooper",,,,,POTENCIAL,DIRECT,CLIENTE,ORG,"","",16/10/2025,16/10/2025
c_d86075f28c4c,"La Terraza",,,,,POTENCIAL,DIRECT,CLIENTE,ORG,"","",16/10/2025,16/10/2025
c_d889964c322f,"La clandestina",,,,,POTENCIAL,DIRECT,CLIENTE,ORG,"","",16/10/2025,16/10/2025
c_d8c35bbd33b9,"Bulo",,,,,POTENCIAL,DIRECT,CLIENTE,ORG,"","",16/10/2025,16/10/2025
c_d9518e564c63,"Bar Nuevo M40",,,,,POTENCIAL,DIRECT,CLIENTE,ORG,"","",16/10/2025,16/10/2025
c_da2d53a6a399,"grupo Isabela",,,,,POTENCIAL,DIRECT,CLIENTE,ORG,"","",16/10/2025,16/10/2025
c_db487155d074,"Supermercado melo",,,,,POTENCIAL,DIRECT,CLIENTE,ORG,"","",16/10/2025,16/10/2025
c_dbf9f44ea21b,"Grupo Dani García",,,,,POTENCIAL,,CLIENTE,ORG,"","",16/10/2025,16/10/2025
c_dc2873321743,"Catering Laurel",,,,,POTENCIAL,DIRECT,CLIENTE,ORG,"","",16/10/2025,16/10/2025
c_dcfcb929515b,"Supernormal",,,,,POTENCIAL,DIRECT,CLIENTE,ORG,"","",16/10/2025,16/10/2025
c_dcfebf14c464,"100% Mexico",,,,,POTENCIAL,DIRECT,CLIENTE,ORG,"","",16/10/2025,16/10/2025
c_dee29d0166fb,"Oysters",,,,,POTENCIAL,DIRECT,CLIENTE,ORG,"","",16/10/2025,16/10/2025
c_e026d8e5df18,"bn group",,,,,POTENCIAL,DIRECT,CLIENTE,ORG,"","",16/10/2025,16/10/2025
c_e17352da39ae,"Florida Park",,,,,POTENCIAL,DIRECT,CLIENTE,ORG,"","",16/10/2025,16/10/2025
c_e2db65dd49ea,"Wondermarket. Keila",,,,,POTENCIAL,DIRECT,CLIENTE,ORG,"","",16/10/2025,16/10/2025
c_e48e8a05c4e4,"Mantequerias Sanz",,,,,POTENCIAL,DIRECT,CLIENTE,ORG,"","",16/10/2025,16/10/2025
c_e5330db8dd24,"Bar Central",,,,,POTENCIAL,DIRECT,CLIENTE,ORG,"","",16/10/2025,16/10/2025
c_e7f0d89cebbf,"Escola",,,,,POTENCIAL,DIRECT,CLIENTE,ORG,"","",16/10/2025,16/10/2025
c_e802d2f44c77,"Sabodiga",,,,,POTENCIAL,DIRECT,CLIENTE,ORG,"","",16/10/2025,16/10/2025
c_e94d1eb97e56,"La maquina Jorge Juan",,,,,POTENCIAL,DIRECT,CLIENTE,ORG,"","",16/10/2025,16/10/2025
c_ea1146a334de,"the green dog",,,,,POTENCIAL,DIRECT,CLIENTE,ORG,"","",16/10/2025,16/10/2025
c_ea614266b7bd,"grupo Isabela",,,,,POTENCIAL,DIRECT,CLIENTE,ORG,"","",16/10/2025,16/10/2025
c_eb434ba71a2f,"tienda stoo",,,,,POTENCIAL,DIRECT,CLIENTE,ORG,"","",16/10/2025,16/10/2025
c_ec8f900f8c54,"la dama",,,,,POTENCIAL,DIRECT,CLIENTE,ORG,"","",16/10/2025,16/10/2025
c_ecb09c939b39,"Aurea",,,,,POTENCIAL,DIRECT,CLIENTE,ORG,"","",16/10/2025,16/10/2025
c_ed557e5f0c01,"Verso Y Veta",,,,,POTENCIAL,DIRECT,CLIENTE,ORG,"","",16/10/2025,16/10/2025
c_eda834d9065a,"Catering Laurel",,,,,POTENCIAL,DIRECT,CLIENTE,ORG,"","",16/10/2025,16/10/2025
c_ee4d5837f691,"Grupo Oter",,,,,POTENCIAL,DIRECT,CLIENTE,ORG,"","",16/10/2025,16/10/2025
c_ee5339af9631,"El Enemigo tienda",,,,,POTENCIAL,DIRECT,CLIENTE,ORG,"","",16/10/2025,16/10/2025
c_eff62dd4fbc3,"candestino",,,,,POTENCIAL,DIRECT,CLIENTE,ORG,"","",16/10/2025,16/10/2025
c_f033aa3d317e,"Catering Samantha",,,,,POTENCIAL,DIRECT,CLIENTE,ORG,"","",16/10/2025,16/10/2025
c_f08f6366ff33,"Copa de Balón",,,,,POTENCIAL,DIRECT,CLIENTE,ORG,"","",16/10/2025,16/10/2025
c_f1213a1dd06e,"Grupo Triciclo",,,,,POTENCIAL,DIRECT,CLIENTE,ORG,"","",16/10/2025,16/10/2025
c_f172d677b547,"Cova den Xoroi",,,,,POTENCIAL,DIRECT,CLIENTE,ORG,"","",16/10/2025,16/10/2025
c_f2ba89ee531a,"Grupo Mentidero",,,,,POTENCIAL,DIRECT,CLIENTE,ORG,"","",16/10/2025,16/10/2025
c_f35ae7cfd3f4,"Taberna Pedraza",,,,,POTENCIAL,DIRECT,CLIENTE,ORG,"","",16/10/2025,16/10/2025
c_f4aa32571040,"Abacería Macarena",,,,,POTENCIAL,DIRECT,CLIENTE,ORG,"","",16/10/2025,16/10/2025
c_f53d39ed7990,"Lanteo",,,,,POTENCIAL,DIRECT,CLIENTE,ORG,"","",16/10/2025,16/10/2025
c_f5d12dc3b800,"El Enemigo tienda",,,,,POTENCIAL,DIRECT,CLIENTE,ORG,"","",16/10/2025,16/10/2025
c_f720237f5786,"Mantequerias Bravo",,,,,POTENCIAL,DIRECT,CLIENTE,ORG,"","",16/10/2025,16/10/2025
c_f75ce6f9e98e,"Nueva Taberna",,,,,POTENCIAL,DIRECT,CLIENTE,ORG,"","",16/10/2025,16/10/2025
c_f8317b60d080,"Chica Club",,,,,POTENCIAL,DIRECT,CLIENTE,ORG,"","",16/10/2025,16/10/2025
c_f9edbc8bf779,"Delirium",,,,,POTENCIAL,DIRECT,CLIENTE,ORG,"","",16/10/2025,16/10/2025
c_fbd7f0ec4329,"Trompo",,,,,POTENCIAL,DIRECT,CLIENTE,ORG,"","",16/10/2025,16/10/2025
c_fc448ca5ee24,"Cockatil Bar 1885",,,,,POTENCIAL,DIRECT,CLIENTE,ORG,"","",16/10/2025,16/10/2025
c_fd64a4f995cf,"Miguel garcía",,,,,POTENCIAL,DIRECT,CLIENTE,ORG,"","",16/10/2025,16/10/2025
c_fedf44f163f2,"Burdel de Foc",,,,,POTENCIAL,DIRECT,CLIENTE,ORG,"","",16/10/2025,16/10/2025
c_ff5c8580fbaa,"Palacio de Alcala",,,,,POTENCIAL,DIRECT,CLIENTE,ORG,"","",16/10/2025,16/10/2025