id,Nombre,source,ownerId,Segment,Stage,FLow,distributorPartyId,createdAt
acc_001,Chez Pepito,us_002,us_002,Horeca,ACTIVA,Placement,acc_148,
acc_002,eMeBe ,us_001,us_001,Horeca,ACTIVA,Placement,acc_148,
acc_003,Morenas,us_001,us_001,Horeca,ACTIVA,Placement,acc_148,
acc_004,Chakana,us_001,us_001,Horeca,ACTIVA,Placement,acc_149,
acc_005,El Gordo Velazquez,us_001,us_001,Horeca,ACTIVA,Placement,acc_148,
acc_006,Sabodiga,us_003,us_003,Horeca,ACTIVA,Placement,acc_150,
acc_007,Senor Bigote,us_003,us_003,Horeca,ACTIVA,Placement,acc_150,
acc_008,Cristanal y Gradinata,us_003,us_003,Horeca,ACTIVA,Placement,acc_150,
acc_009,Oysters,us_003,us_003,Horeca,ACTIVA,Placement,acc_150,
acc_010,Sa Tintina ,us_003,us_003,Horeca,ACTIVA,Placement,acc_150,
acc_011,Aqui hay Tomate,us_003,us_003,Horeca,ACTIVA,Placement,acc_150,
acc_012,Cova den Xoroi ,us_003,us_003,Horeca,ACTIVA,Placement,acc_150,
acc_013,Madrid al Cielo ,us_003,us_003,Horeca,ACTIVA,Placement,acc_150,
acc_014,Bar Augustin,us_003,us_003,Horeca,ACTIVA,Placement,acc_150,
acc_015,Supermercado melo,us_001,us_001,Horeca,ACTIVA,Placement,acc_148,
acc_016,Cervecería Santa Barbara,us_002,us_002,Horeca,ACTIVA,Placement,acc_148,
acc_017,Catering the cook,us_002,us_002,Horeca,ACTIVA,Placement,acc_148,
acc_018,Bulo,us_002,us_002,Horeca,ACTIVA,Placement,acc_148,
acc_019,Joselito,us_001,us_001,Horeca,ACTIVA,Placement,acc_148,
acc_020,Adrede,us_001,us_001,Horeca,ACTIVA,Placement,acc_148,
acc_021,Las tablas,us_002,us_002,Horeca,ACTIVA,Placement,acc_148,
acc_022,Gabys Bagels,us_002,us_002,Horeca,ACTIVA,Placement,acc_148,
acc_023,Delirium,us_002,us_002,Horeca,ACTIVA,Placement,acc_148,
acc_024,Terraza campo del moro,us_002,us_002,Horeca,ACTIVA,Placement,acc_148,
acc_025,Abacería Macarena,us_002,us_002,Horeca,ACTIVA,Placement,acc_148,
acc_026,Cockatil Bar 1885,us_001,us_001,Horeca,ACTIVA,Placement,acc_149,
acc_027,La embajada,us_001,us_001,Horeca,ACTIVA,Placement,acc_149,
acc_028,Tiare Beach Club,us_003,us_003,Horeca,ACTIVA,Placement,acc_151,
acc_029,Stop Supermercado,us_001,us_001,Horeca,ACTIVA,Placement,acc_140,
acc_030,Flahertys,us_003,us_003,Horeca,ACTIVA,Placement,acc_140,
acc_031,Burdel de Foc,us_001,us_001,Horeca,POTENCIAL,Placement,acc_150,
acc_032,Filemon,us_002,us_002,Horeca,SEGUIMIENTO,Placement,acc_148,
acc_033,La Rubia,us_002,us_002,Horeca,SEGUIMIENTO,Placement,acc_148,
acc_034,Grupo dejate llevar,us_002,us_002,Horeca,SEGUIMIENTO,Placement,acc_148,
acc_035,Las Terrazas,us_002,us_002,Horeca,SEGUIMIENTO,Placement,acc_148,
acc_036,Lanteo,us_002,us_002,Horeca,ACTIVA,Placement,acc_148,
acc_037,Grupo Dani García,us_002,us_002,Horeca,SEGUIMIENTO,Placement,acc_148,
acc_038,Corte Inglés ,us_002,us_002,Horeca,SEGUIMIENTO,Placement,acc_148,
acc_039,Marea,us_002,us_002,Horeca,SEGUIMIENTO,Placement,acc_148,
acc_040,Grupo Paladium ,us_002,us_002,Horeca,SEGUIMIENTO,Placement,acc_148,
acc_041,Catering Samantha,us_001,us_001,Horeca,SEGUIMIENTO,Placement,acc_148,
acc_042,Varma,us_001,us_001,Horeca,SEGUIMIENTO,Placement,acc_148,
acc_043,Grupo Triciclo,us_001,us_001,Horeca,SEGUIMIENTO,Placement,acc_148,
acc_044,Grupo Mentidero,us_001,us_001,Horeca,SEGUIMIENTO,Placement,acc_148,
acc_045,Palacio de Alcala,us_001,us_001,Horeca,SEGUIMIENTO,Placement,acc_148,
acc_046,Golda,us_001,us_001,Horeca,SEGUIMIENTO,Placement,acc_148,
acc_047,Casa Ortega,us_001,us_001,Horeca,SEGUIMIENTO,Placement,acc_148,
acc_048,Mantequerias Bravo,us_001,us_001,Horeca,SEGUIMIENTO,Placement,acc_148,
acc_049,Taberna Pedraza,us_002,us_002,Horeca,ACTIVA,Placement,acc_148,
acc_050,La maquina Jorge Juan,us_001,us_001,Horeca,SEGUIMIENTO,Placement,acc_148,
acc_051,Costa Este,us_003,us_003,Horeca,SEGUIMIENTO,Placement,acc_139,
acc_052,Hotel Welington,us_002,us_002,Horeca,SEGUIMIENTO,Placement,acc_148,
acc_053,Trocadero,us_002,us_002,Horeca,SEGUIMIENTO,Placement,acc_148,
acc_054,Fondeo,us_002,us_002,Horeca,SEGUIMIENTO,Placement,acc_148,
acc_055,El Enemigo,us_002,us_002,Horeca,SEGUIMIENTO,Placement,acc_148,
acc_056,Copa de Balón ,us_002,us_002,Horeca,SEGUIMIENTO,Placement,acc_148,
acc_057,Real Club de Golf de Sotongrande,us_002,us_002,Horeca,ACTIVA,Placement,,
acc_058,Wondermarket. Keila,us_002,us_002,Retail,SEGUIMIENTO,Placement,acc_148,
acc_059,Catering Laurel,us_001,us_001,Horeca,SEGUIMIENTO,Placement,acc_148,
acc_060,Sea Beach,us_003,us_003,Horeca,SEGUIMIENTO,Placement,acc_139,
acc_061,Grupo Hyatt ,us_003,us_003,Horeca,SEGUIMIENTO,Placement,acc_140,
acc_062,AN Group,us_003,us_003,Horeca,SEGUIMIENTO,Placement,acc_139,
acc_063,Kiss chupitos ,us_002,us_002,Horeca,SEGUIMIENTO,Placement,acc_148,
acc_064,Bokaxankla:,us_002,us_002,Horeca,SEGUIMIENTO,Placement,acc_148,
acc_065,Trompo,us_002,us_002,Horeca,SEGUIMIENTO,Placement,acc_148,
acc_066,Florida Park,us_002,us_002,Horeca,SEGUIMIENTO,Placement,acc_148,
acc_067,Bajío,us_002,us_002,Horeca,SEGUIMIENTO,Placement,acc_148,
acc_068,La Boheme,us_999,,Horeca,SEGUIMIENTO,Placement,,
acc_069,Los Peñotes,us_999,,Horeca,SEGUIMIENTO,Placement,,
acc_070,Ciboulet,us_002,us_002,Horeca,SEGUIMIENTO,Placement,acc_148,
acc_071,NH,us_002,us_002,Horeca,SEGUIMIENTO,Placement,acc_148,
acc_072,AC ,us_002,us_002,Horeca,SEGUIMIENTO,Placement,acc_148,
acc_073,Café de París,us_002,us_002,Horeca,SEGUIMIENTO,Placement,acc_148,
acc_074,Bar Nuevo M40,us_002,us_002,Horeca,SEGUIMIENTO,Placement,acc_148,
acc_075,Noname,us_002,us_002,Horeca,SEGUIMIENTO,Placement,acc_148,
acc_076,Liquor Store,us_002,us_002,Horeca,SEGUIMIENTO,Placement,acc_148,
acc_077,Fuerte Group Hotels,us_002,us_002,Horeca,SEGUIMIENTO,Placement,acc_148,
acc_078,4 Latas,us_002,us_002,Horeca,SEGUIMIENTO,Placement,acc_148,
acc_079,new Orleans ,us_002,us_002,Horeca,SEGUIMIENTO,Placement,,
acc_080,Boca Grande,us_002,us_002,Horeca,SEGUIMIENTO,Placement,acc_139,
acc_081,Boca Chica,us_003,us_003,Horeca,SEGUIMIENTO,Placement,acc_139,
acc_082,Chica Club,us_003,us_003,Horeca,SEGUIMIENTO,Placement,acc_139,
acc_083,Chica Beach,us_003,us_003,Horeca,SEGUIMIENTO,Placement,acc_139,
acc_084,Grupo Boia,us_003,us_003,Horeca,SEGUIMIENTO,Placement,acc_139,
acc_085,candestino,us_003,us_003,Horeca,SEGUIMIENTO,Placement,acc_139,
acc_086,el centro cultural ,us_003,us_003,Horeca,SEGUIMIENTO,Placement,,
acc_087,La Penela,us_003,us_003,Horeca,SEGUIMIENTO,Placement,acc_139,
acc_088,Aurea,us_003,us_003,Horeca,SEGUIMIENTO,Placement,acc_139,
acc_089,Akangas,us_001,us_001,Horeca,SEGUIMIENTO,Placement,acc_148,
acc_090,Cafe Pino,us_001,us_001,Horeca,SEGUIMIENTO,Placement,acc_148,
acc_091,Ke Sotogrande,us_001,us_001,Horeca,SEGUIMIENTO,Placement,acc_148,
acc_092,Formage,us_001,us_001,Horeca,SEGUIMIENTO,Placement,acc_148,
acc_093,Supernormal,us_002,us_002,Horeca,SEGUIMIENTO,Placement,,
acc_094,Vinology,us_001,us_001,Horeca,SEGUIMIENTO,Placement,acc_148,
acc_147,Ingo Gestión de activos,us_001,us_001,Horeca,SEGUIMIENTO,Placement,acc_148,
acc_096,El Enemigo tienda,us_001,us_001,Horeca,SEGUIMIENTO,Placement,acc_148,10/08/2025
acc_097,Pecaditos,us_002,us_002,Horeca,ACTIVA,Placement,acc_148,
acc_098,Richelieu,us_002,us_002,Horeca,ACTIVA,Placement,acc_148,
acc_099,diene,us_003,us_003,Horeca,SEGUIMIENTO,Placement,acc_139,
acc_100,jane,us_003,us_003,Horeca,SEGUIMIENTO,Placement,acc_139,
acc_101,Nueva Taberna,us_002,us_002,Horeca,ACTIVA,Placement,acc_148,
acc_102,sls,us_003,us_003,Horeca,SEGUIMIENTO,Placement,acc_139,
acc_103,rosalia,us_003,us_003,Horeca,SEGUIMIENTO,Placement,acc_139,
acc_104,cooper,us_003,us_003,Horeca,SEGUIMIENTO,Placement,acc_139,
acc_105,catering stan ,us_003,us_003,Horeca,SEGUIMIENTO,Placement,acc_139,
acc_106,catering la lloca,us_003,us_003,Horeca,SEGUIMIENTO,Placement,acc_139,
acc_107,la dama,us_003,us_003,Horeca,POTENCIAL,Placement,acc_139,
acc_108,feroz,us_003,us_003,Horeca,POTENCIAL,Placement,acc_139,
acc_109,vinalium,us_003,us_003,Horeca,SEGUIMIENTO,Placement,acc_139,
acc_110,bn group,us_003,us_003,Horeca,SEGUIMIENTO,Placement,acc_139,
acc_111,shoko,us_003,us_003,Horeca,SEGUIMIENTO,Placement,acc_139,
acc_112,grupo Isabela,us_003,us_003,Horeca,SEGUIMIENTO,Placement,acc_139,
acc_113,grupo confitería,us_003,us_003,Horeca,SEGUIMIENTO,Placement,acc_139,
acc_114,vila viniteca,us_003,us_003,Horeca,SEGUIMIENTO,Placement,acc_139,
acc_115,the green dog,us_003,us_003,Horeca,SEGUIMIENTO,Placement,acc_139,
acc_116,clandestino,us_003,us_003,Horeca,SEGUIMIENTO,Placement,acc_139,
acc_117,Ana Rey Catering y tienda,us_002,us_002,Horeca,ACTIVA,Placement,acc_148,
acc_118,100% Mexico,us_001,us_001,Horeca,ACTIVA,Placement,acc_148,12/08/2025
acc_119,sea sea beach,us_003,us_003,Horeca,ACTIVA,Placement,acc_139,
acc_120,coctel sunsrise,us_003,us_003,Horeca,ACTIVA,Placement,,
acc_121,santeria,us_003,us_003,Horeca,ACTIVA,Placement,acc_140,
acc_122,tienda stoo,us_003,us_003,Horeca,ACTIVA,Placement,acc_140,
acc_123,Uval,us_002,us_002,Horeca,ACTIVA,Placement,acc_148,19/09/2025
acc_124,La Rotonda de Mirasierra,us_002,us_002,Horeca,ACTIVA,Placement,acc_148,19/09/2025
acc_125,Il Patisiere,us_002,us_002,Horeca,ACTIVA,Placement,acc_148,19/09/2025
acc_126,Taste of America Retiro,us_001,us_001,Horeca,ACTIVA,Placement,acc_148,17/09/2025
acc_127,Le Clab,us_001,us_001,Horeca,ACTIVA,Placement,acc_148,16/09/2025
acc_128,Verso Y Veta,us_001,us_001,Horeca,ACTIVA,Placement,acc_148,29/09/2025
acc_129,Taste of America Chueca,us_001,us_001,Horeca,ACTIVA,Placement,acc_148,17/09/2025
acc_130,Donde Mónica,us_002,us_002,Horeca,SEGUIMIENTO,Placement,acc_148,
acc_131,Grupo Oter,,,Horeca,SEGUIMIENTO,Placement,,
acc_132,Grupo La Máquina,,,Horeca,SEGUIMIENTO,Placement,,
acc_133,Ostas Pedrín ,,,Horeca,SEGUIMIENTO,Placement,,
acc_134,Bar trafalgar,,,Horeca,SEGUIMIENTO,Placement,,
acc_135,Hermanos Vinagre,,,Horeca,SEGUIMIENTO,Placement,,
acc_136,La Gildería,,,Horeca,SEGUIMIENTO,Placement,,
acc_137,Cañas y Tapas,,,Horeca,SEGUIMIENTO,Placement,,
acc_138,Mama Campo,,,Horeca,SEGUIMIENTO,Placement,,
acc_139,Escola,us_003,us_003,Distribuidor,ACTIVA,Direct,,26/09/2025
acc_140,Isla Catavinos,us_004,us_004,Distribuidor,ACTIVA,Direct,,26/09/2025
acc_141,Bodegas Jaime,us_004,us_004,Distribuidor,ACTIVA,Direct,,26/09/2025
acc_142,Importaciones Cuesta,us_004,us_004,Distribuidor,ACTIVA,Direct,,26/09/2025
acc_144,Miguel garcía,us_002,us_002,Privada,ACTIVA,Direct,,26/09/2025
acc_145,Alejandra de la oliva,us_002,us_002,Privada,ACTIVA,Direct,,26/09/2025
acc_146,Quirites Inmobiliaria,us_002,us_002,Privada,ACTIVA,Direct,,26/09/2025
acc_147,Ingo Gestión de activos,us_004,us_004,Privada,ACTIVA,Direct,,13/09/2025
acc_148,Carbónicas Alvarez,us_003,us_003,Distribuidor,ACTIVA,Direct,,
acc_149,Servilline Foods,us_004,us_004,Distribuidor,ACTIVA,Direct,,12/10/2025
acc_150,Devnis Menorca,us_004,us_004,Distribuidor,ACTIVA,Direct,,8/09/2025
acc_151,Aral,us_004,us_004,Distribuidor,ACTIVA,Direct,,
acc_152,Asador Galino Pueyo,us_001,us_001,Horeca,ACTIVA,Direct,,
acc_153,Alacena de Aragón,us_001,us_001,Retail,ACTIVA,Placement,acc_150,
acc_154,Gayarre,us_001,us_001,Horeca,ACTIVA,Placement,acc_151,
acc_155,Mantequerias Sanz,us_001,us_001,Retail,ACTIVA,Placement,acc_152,
acc_156,Roto Zaragoza,us_001,us_001,Horeca,SEGUIMIENTO,Placement,acc_153,
acc_157,Roto Formigual,us_001,us_001,Horeca,SEGUIMIENTO,Placement,acc_154,
acc_158,La clandestina,us_001,us_001,Horeca,SEGUIMIENTO,Placement,acc_155,
acc_159,Tulp,us_001,us_001,Horeca,SEGUIMIENTO,Placement,acc_156,
acc_160,La Bicicleta Roja,us_001,us_001,Horeca,SEGUIMIENTO,Placement,acc_157,