ID,accoutid,CLIENTE,FECHA,TOTAL,ESTADO,FLOW,CANAL,CAJAS
DIR-#1003,shopify,Venta Online,2025-05-26,47.99,paid,DIRECT,ONLINE,0.0
DIR-nan,acc_147,Ingo Gestión de activos,2025-06-26,288.0,paid,DIRECT,PRIVADA,6.0
DIR-nan,acc_147,Ingo Gestión de activos,2025-06-26,480.0,paid,DIRECT,PRIVADA,10.0
DIR-#1005,shopify,Venta Online,2025-06-27,175.25,paid,DIRECT,ONLINE,2.0
DIR-nan,acc_147,Ingo Gestión de activos,2025-07-01,960.0,paid,DIRECT,PRIVADA,20.0
DIR-nan,acc_147,Ingo Gestión de activos,2025-07-04,480.0,paid,DIRECT,PRIVADA,10.0
DIR-#1007,shopify,Venta Online,2025-07-05,124.37,paid,DIRECT,ONLINE,1.0
DIR-#1007,shopify,Venta Online,2025-07-17,54.5,paid,DIRECT,ONLINE,0.0
DIR-#1008,shopify,Venta Online,2025-07-18,105.6,paid,DIRECT,ONLINE,1.0
DIR-#1009,shopify,Venta Online,2025-07-18,144.0,paid,DIRECT,ONLINE,1.0
DIR-#1010,shopify,Venta Online,2025-07-21,132.0,paid,DIRECT,ONLINE,1.0
DIR-#1011,shopify,Venta Online,2025-07-24,132.0,paid,DIRECT,ONLINE,1.0
DIR-#1012,shopify,Venta Online,2025-07-27,264.0,paid,DIRECT,ONLINE,2.0
DIR-#1013,shopify,Venta Online,2025-07-28,528.0,paid,DIRECT,ONLINE,5.0
DIR-#1014,shopify,Venta Online,2025-07-28,264.0,paid,DIRECT,ONLINE,2.0
DIR-#1015,shopify,Venta Online,2025-07-28,120.0,paid,DIRECT,ONLINE,1.0
DIR-#1016,shopify,Venta Online,2025-07-28,105.6,paid,DIRECT,ONLINE,1.0
DIR-#1017,shopify,Venta Online,2025-07-29,105.6,paid,DIRECT,ONLINE,1.0
DIR-nan,acc_146,Quirites Inmobiliaria,2025-07-30,414.0,paid,DIRECT,PRIVADA,6.0
DIR-#1018,shopify,Venta Online,2025-07-30,66.0,paid,DIRECT,ONLINE,1.0
DIR-#1019,shopify,Venta Online,2025-08-01,66.0,paid,DIRECT,ONLINE,1.0
DIR-#1020,shopify,Venta Online,2025-08-02,105.6,paid,DIRECT,ONLINE,1.0
DIR-#1021,shopify,Venta Online,2025-08-04,105.6,paid,DIRECT,ONLINE,1.0
DIR-#1022,shopify,Venta Online,2025-08-04,105.6,paid,DIRECT,ONLINE,1.0
DIR-#1023,shopify,Venta Online,2025-08-04,105.6,paid,DIRECT,ONLINE,1.0
DIR-#1024,shopify,Venta Online,2025-08-04,105.6,paid,DIRECT,ONLINE,1.0
DIR-#1025,shopify,Venta Online,2025-08-04,26.5,paid,DIRECT,ONLINE,0.0
DIR-#1026,shopify,Venta Online,2025-08-05,105.6,paid,DIRECT,ONLINE,1.0
DIR-#1027,shopify,Venta Online,2025-08-05,44.9,paid,DIRECT,ONLINE,0.0
DIR-#1028,shopify,Venta Online,2025-08-06,105.6,paid,DIRECT,ONLINE,1.0
DIR-#1029,shopify,Venta Online,2025-08-06,105.6,paid,DIRECT,ONLINE,1.0
DIR-#1031,shopify,Venta Online,2025-08-09,44.9,paid,DIRECT,ONLINE,0.0
DIR-#1032,shopify,Venta Online,2025-08-10,105.6,paid,DIRECT,ONLINE,1.0
DIR-nan,shopify,Venta Online,2025-08-10,47.78,paid,DIRECT,ONLINE,0.0
DIR-#1035,shopify,Venta Online,2025-08-17,105.6,paid,DIRECT,ONLINE,1.0
DIR-#1036,shopify,Venta Online,2025-08-19,132.0,paid,DIRECT,ONLINE,1.0
DIR-#1038,shopify,Venta Online,2025-08-20,105.6,paid,DIRECT,ONLINE,1.0
DIR-#1040,shopify,Venta Online,2025-08-22,66.0,paid,DIRECT,ONLINE,1.0
DIR-#1041,shopify,Venta Online,2025-08-23,132.0,paid,DIRECT,ONLINE,1.0
DIR-#1042,shopify,Venta Online,2025-08-25,105.6,paid,DIRECT,ONLINE,1.0
DIR-#1043,shopify,Venta Online,2025-08-27,26.5,paid,DIRECT,ONLINE,0.0
DIR-#1045,shopify,Venta Online,2025-08-28,132.0,paid,DIRECT,ONLINE,1.0
DIR-#1046,shopify,Venta Online,2025-08-31,105.6,paid,DIRECT,ONLINE,1.0
DIR-#1047,shopify,Venta Online,2025-08-31,31.5,paid,DIRECT,ONLINE,0.0
DIR-#1048,shopify,Venta Online,2025-08-31,660.0,paid,DIRECT,ONLINE,5.0
DIR-#1049,shopify,Venta Online,2025-09-02,105.6,paid,DIRECT,ONLINE,1.0
DIR-#1050,shopify,Venta Online,2025-09-05,54.5,paid,DIRECT,ONLINE,0.33
DIR-F25006,acc_149,Servilline Foods,2025-09-08,1380.0,paid,DIRECT,DISTRIBUIDOR,20.0
DIR-F25005,acc_057,Real Club de Golf de Sotongrande,2025-09-09,508.2,paid,DIRECT,HORECA,5.0
DIR-#1051,shopify,Venta Online,2025-09-09,342.2,paid,DIRECT,ONLINE,4.0
DIR-F25008,acc_150,Devnis Menorca,2025-09-12,1043.62,paid,DIRECT,DISTRIBUIDOR,15.0
DIR-#1052,shopify,Venta Online,2025-09-12,54.5,paid,DIRECT,ONLINE,0.33
DIR-F25009,acc_142,Importaciones Cuesta,2025-09-13,958.32,paid,DIRECT,DISTRIBUIDOR,16.5
DIR-F250010,acc_147,Ingo Gestión de activos,2025-09-13,232.32,paid,DIRECT,PRIVADA,4.0
DIR-#1053,shopify,Venta Online,2025-09-16,105.6,paid,DIRECT,ONLINE,1.0
PLC-20250919-0133,acc_125,Il Patisiere,2025-09-19,72.0,open,PLACEMENT,DISTRIBUIDOR,1.0
PLC-20250919-0132,acc_124,La Rotonda de Mirasierra,2025-09-19,144.0,open,PLACEMENT,DISTRIBUIDOR,2.0
PLC-20250919-0131,acc_123,Uval,2025-09-19,72.0,open,PLACEMENT,DISTRIBUIDOR,1.0
DIR-2500011,acc_145,Alejandra de la oliva,2025-09-26,417.45,paid,DIRECT,PRIVADA,5.0
DIR-2500015,acc_141,Bodegas Jaime,2025-09-26,689.7,paid,DIRECT,DISTRIBUIDOR,10.0
DIR-2500017,acc_139,Escola,2025-09-26,689.7,paid,DIRECT,DISTRIBUIDOR,10.0
DIR-2500018,acc_139,Escola,2025-09-26,4064.45,paid,DIRECT,DISTRIBUIDOR,50.0
DIR-2500013,acc_142,Importaciones Cuesta,2025-09-26,1442.32,paid,DIRECT,DISTRIBUIDOR,25.0
DIR-2500016,acc_140,Isla Catavinos,2025-09-26,689.7,paid,DIRECT,DISTRIBUIDOR,10.0
DIR-2500012,acc_144,Miguel garcía,2025-09-26,417.45,paid,DIRECT,PRIVADA,5.0
DIR-2500014,acc_146,Quirites Inmobiliaria,2025-09-26,333.96,paid,DIRECT,PRIVADA,4.0
DIR-nan,acc_146,Quirites Inmobiliaria,2025-09-26,414.0,paid,DIRECT,PRIVADA,6.0
DIR-#1054,shopify,Venta Online,2025-09-29,105.6,paid,DIRECT,ONLINE,1.0
PLC-20251001-0026,acc_153,Alacena de Aragón,2025-10-01,72.0,open,PLACEMENT,DISTRIBUIDOR,1.0
PLC-20251001-0125,acc_117,Ana Rey Catering y tienda,2025-10-01,288.0,open,PLACEMENT,DISTRIBUIDOR,4.0
PLC-20251001-0025,acc_152,Asador Galino Pueyo,2025-10-01,72.0,open,PLACEMENT,DISTRIBUIDOR,1.0
PLC-20251001-0000,acc_001,Chez Pepito,2025-10-01,144.0,open,PLACEMENT,DISTRIBUIDOR,2.0
PLC-20251001-0027,acc_154,Gayarre,2025-10-01,432.0,open,PLACEMENT,DISTRIBUIDOR,6.0
PLC-20251001-0103,acc_147,Ingo Gestión de activos,2025-10-01,432.0,open,PLACEMENT,DISTRIBUIDOR,6.0
PLC-20251001-0038,acc_160,La Bicicleta Roja,2025-10-01,72.0,open,PLACEMENT,DISTRIBUIDOR,1.0
PLC-20251001-0032,acc_027,La embajada,2025-10-01,288.0,open,PLACEMENT,DISTRIBUIDOR,4.0
PLC-20251001-0044,acc_036,Lanteo,2025-10-01,72.0,open,PLACEMENT,DISTRIBUIDOR,1.0
PLC-20251001-0028,acc_155,Mantequerias Sanz,2025-10-01,72.0,open,PLACEMENT,DISTRIBUIDOR,1.0
PLC-20251001-0105,acc_097,Pecaditos,2025-10-01,288.0,open,PLACEMENT,DISTRIBUIDOR,4.0
PLC-20251001-0065,shopify,Rel Club de Golf Sotogrande,2025-10-01,288.0,open,PLACEMENT,DISTRIBUIDOR,4.0
PLC-20251001-0035,acc_029,Stop Supermercado,2025-10-01,72.0,open,PLACEMENT,DISTRIBUIDOR,1.0
PLC-20251001-0057,acc_049,Taberna Pedraza,2025-10-01,72.0,open,PLACEMENT,DISTRIBUIDOR,1.0
PLC-20251001-0023,acc_024,Terraza campo del moro,2025-10-01,288.0,open,PLACEMENT,DISTRIBUIDOR,4.0
PLC-20251001-0037,acc_159,Tulp,2025-10-01,72.0,open,PLACEMENT,DISTRIBUIDOR,1.0
PLC-20251001-0128,acc_120,coctel sunsrise,2025-10-01,288.0,open,PLACEMENT,DISTRIBUIDOR,4.0
PLC-20251001-0129,acc_121,santeria,2025-10-01,144.0,open,PLACEMENT,DISTRIBUIDOR,2.0
PLC-20251001-0130,acc_122,tienda stoo,2025-10-01,144.0,open,PLACEMENT,DISTRIBUIDOR,2.0
PLC-20251008-0104,acc_096,El Enemigo tienda,2025-10-08,144.0,open,PLACEMENT,DISTRIBUIDOR,2.0
PLC-20251108-0001,acc_002,eMeBe,2025-11-08,144.0,open,PLACEMENT,DISTRIBUIDOR,2.0
PLC-20251208-0126,acc_118,100% Mexico,2025-12-08,216.0,open,PLACEMENT,DISTRIBUIDOR,3.0
DIR-F25007,shopify,Devins Menorca,2025-12-10,7972.73,paid,DIRECT,DISTRIBUIDOR,120.0
DIR-#1054,shopify,Venta Online,,44.9,paid,DIRECT,ONLINE,0.33